gender,age_band,disability,region,imd_band,highest_education,sum_click,studied_credits,RegisterDuration,Attitude,is_banked,num_of_prev_attempts,score,final_result
F,35-55,N,East Anglian Region,80-90%,Lower Than A Level,94,120,343,267,0,0,75,1
F,35-55,N,South East Region,90-100%,A Level or Equivalent,523,60,364,267,0,0,85,0
M,35-55,N,South West Region,40-50%,A Level or Equivalent,1051,60,463,0,0,0,83,1
F,0-35,N,East Midlands Region,30-40%,A Level or Equivalent,271,240,329,0,0,0,70,1
F,35-55,N,North Region,50-60%,A Level or Equivalent,403,60,305,0,0,0,74,1
F,35-55,N,South Region,80-90%,HE Qualification,1010,60,335,0,0,0,65,1
M,0-35,N,South West Region,60-70%,HE Qualification,20,120,304,10,0,0,49,1
F,0-35,Y,West Midlands Region,20-30%,A Level or Equivalent,250,60,400,0,0,0,62,2
M,0-35,N,North Region,60-70%,Lower Than A Level,50,120,335,6,0,0,75,2
F,35-55,Y,North Western Region,30-40%,A Level or Equivalent,424,60,378,5,0,0,78,3
F,0-35,N,London Region,80-90%,A Level or Equivalent,26,150,312,259,0,0,45,1
M,35-55,N,London Region,0-10%,A Level or Equivalent,335,420,284,0,0,0,68,1
F,35-55,N,East Midlands Region,20-30%,A Level or Equivalent,513,60,322,267,0,0,79,1
F,0-35,N,South West Region,90-100%,A Level or Equivalent,264,60,320,21,0,0,74,1
M,0-35,N,Scotland,70-80%,A Level or Equivalent,108,60,332,267,0,0,78,1
F,35-55,N,Yorkshire Region,40-50%,A Level or Equivalent,234,60,385,7,0,0,82,1
F,35-55,N,West Midlands Region,10-20%,Lower Than A Level,92,60,300,0,0,0,62,1
M,35-55,N,Ireland,,HE Qualification,341,60,318,7,0,0,74,1
F,35-55,N,Ireland,,A Level or Equivalent,210,60,313,2,0,0,67,1
M,55<=,N,East Anglian Region,90-100%,HE Qualification,1115,60,430,266,0,0,77,1
M,35-55,N,North Region,,HE Qualification,954,60,463,267,0,0,82,1
M,35-55,N,North Western Region,70-80%,HE Qualification,215,60,360,2,0,0,78,1
F,0-35,N,North Western Region,80-90%,A Level or Equivalent,10,180,325,267,0,0,42,2
M,0-35,N,South West Region,30-40%,A Level or Equivalent,294,120,332,264,0,0,44,1
F,0-35,N,South West Region,60-70%,A Level or Equivalent,277,60,396,0,0,0,51,1
M,0-35,N,London Region,10-20%,A Level or Equivalent,125,180,300,1,0,0,48,1
M,35-55,N,South West Region,80-90%,HE Qualification,235,170,342,0,0,0,65,1
M,35-55,N,Scotland,30-40%,HE Qualification,473,60,377,10,0,0,78,1
M,35-55,N,South East Region,50-60%,A Level or Equivalent,1235,60,404,266,0,0,88,0
M,0-35,N,Scotland,90-100%,A Level or Equivalent,240,120,448,265,0,0,83,1
F,0-35,N,South West Region,90-100%,Lower Than A Level,499,60,330,267,0,0,68,1
M,0-35,N,London Region,90-100%,A Level or Equivalent,402,60,230,1,0,0,50,3
